<?xml version="1.0" encoding="UTF-8"?>
<Export generator="Cache" version="25" zv="Cache for Windows (x86-64) 2014.2 (Build 267U)" ts="2014-08-05 12:11:08">
<Class name="MyApp.Person2">
<Super>%Persistent,%Populate,%XML.Adaptor</Super>
<TimeChanged>63404,37482.756784</TimeChanged>
<TimeCreated>62622,55769.689859</TimeCreated>

<Property name="Name">
<Description>
名前</Description>
<Type>%String</Type>
</Property>

<Property name="DOB">
<Type>%Date</Type>
<Parameter name="FORMAT" value="3"/>
</Property>

<Property name="Spouse">
<Type>MyApp.Person</Type>
</Property>

<Property name="FavoriteColors">
<Type>%String</Type>
<Collection>list</Collection>
</Property>

<Property name="Doctors">
<Type>MyApp.Doctor</Type>
<Collection>array</Collection>
</Property>

<Property name="Age">
<Type>%Integer</Type>
<Calculated>1</Calculated>
<SqlComputeCode> Set {Age}=##class(MyApp.Person).CurrentAge({DOB})
</SqlComputeCode>
<SqlComputed>1</SqlComputed>
</Property>

<Property name="Picture">
<Type>%Stream.FileBinary</Type>
<Parameter name="LOCATION" value="c:\temp"/>
</Property>

<Method name="CurrentAge">
<ClassMethod>1</ClassMethod>
<CodeMode>expression</CodeMode>
<FormalSpec>date:%Date=""</FormalSpec>
<ReturnType>%Integer</ReturnType>
<Implementation><![CDATA[$Select(date="":"",1:($ZDate($H,8)-$ZDate(date,8)\10000))
]]></Implementation>
</Method>

<Storage name="Default">
<Type>%Library.CacheStorage</Type>
<DataLocation>^MyApp.Person2D</DataLocation>
<DefaultData>Person2DefaultData</DefaultData>
<IdLocation>^MyApp.Person2D</IdLocation>
<IndexLocation>^MyApp.Person2I</IndexLocation>
<StreamLocation>^MyApp.Person2S</StreamLocation>
<Data name="Doctors">
<Attribute>Doctors</Attribute>
<Structure>subnode</Structure>
<Subscript>"Doctors"</Subscript>
</Data>
<Data name="Person2DefaultData">
<Structure>listnode</Structure>
<Subscript/>
<Value name="1">
<Value>%%CLASSNAME</Value>
</Value>
<Value name="2">
<Value>Name</Value>
</Value>
<Value name="3">
<Value>DOB</Value>
</Value>
<Value name="4">
<Value>Spouse</Value>
</Value>
<Value name="5">
<Value>FavoriteColors</Value>
</Value>
<Value name="6">
<Value>Picture</Value>
</Value>
</Data>
</Storage>
</Class>
</Export>
